i,n,r,rnew,rto,censusregions,st,in,country
1,p2,nr11,nr1new,rto1,PA,WA,WSCC,USA
2,p1,nr11,nr1new,rto1,PA,WA,WSCC,USA
3,p1,nr11,nr1new,rto1,PA,WA,WSCC,USA
4,p1,nr11,nr1new,rto1,PA,WA,WSCC,USA
5,p2,nr11,nr1new,rto1,PA,WA,WSCC,USA
6,p3,nr11,nr1new,rto1,PA,WA,WSCC,USA
7,p4,nr11,nr1new,rto1,PA,WA,WSCC,USA
8,p3,nr11,nr1new,rto1,PA,WA,WSCC,USA
9,p2,nr11,nr1new,rto1,PA,WA,WSCC,USA
10,p5,nr11,nr1new,rto1,PA,OR,WSCC,USA
11,p5,nr11,nr1new,rto1,PA,OR,WSCC,USA
12,p5,nr11,nr1new,rto1,PA,OR,WSCC,USA
13,p5,nr11,nr1new,rto1,PA,OR,WSCC,USA
14,p6,nr11,nr1new,rto1,PA,OR,WSCC,USA
15,p6,nr11,nr1new,rto1,PA,OR,WSCC,USA
16,p5,nr11,nr1new,rto1,PA,OR,WSCC,USA
17,p5,nr11,nr1new,rto1,PA,OR,WSCC,USA
18,p7,nr11,nr1new,rto1,PA,OR,WSCC,USA
19,p7,nr11,nr1new,rto1,PA,OR,WSCC,USA
20,p9,nr13,nr4new,rto4,PA,CA,WSCC,USA
21,p8,nr13,nr1new,rto2,PA,CA,WSCC,USA
22,p9,nr13,nr4new,rto4,PA,CA,WSCC,USA
23,p9,nr13,nr4new,rto4,PA,CA,WSCC,USA
24,p9,nr13,nr4new,rto4,PA,CA,WSCC,USA
25,p9,nr13,nr4new,rto4,PA,CA,WSCC,USA
26,p9,nr13,nr4new,rto4,PA,CA,WSCC,USA
27,p9,nr13,nr4new,rto4,PA,CA,WSCC,USA
28,p10,nr13,nr5new,rto4,PA,CA,WSCC,USA
29,p9,nr13,nr4new,rto4,PA,CA,WSCC,USA
30,p10,nr13,nr5new,rto4,PA,CA,WSCC,USA
31,p10,nr13,nr5new,rto4,PA,CA,WSCC,USA
32,p11,nr13,nr5new,rto4,PA,CA,WSCC,USA
33,p10,nr13,nr5new,rto4,PA,CA,WSCC,USA
34,p12,nr11,nr2new,rto2,MTN,NV,WSCC,USA
35,p12,nr11,nr2new,rto2,MTN,NV,WSCC,USA
36,p12,nr11,nr2new,rto2,MTN,NV,WSCC,USA
37,p12,nr11,nr2new,rto2,MTN,NV,WSCC,USA
38,p12,nr11,nr2new,rto2,MTN,NV,WSCC,USA
39,p12,nr11,nr2new,rto2,MTN,NV,WSCC,USA
40,p13,nr12,nr7new,rto3,MTN,NV,WSCC,USA
41,p14,nr11,nr1new,rto1,MTN,ID,WSCC,USA
42,p15,nr11,nr2new,rto1,MTN,ID,WSCC,USA
43,p15,nr11,nr2new,rto1,MTN,ID,WSCC,USA
44,p15,nr11,nr2new,rto1,MTN,ID,WSCC,USA
45,p15,nr11,nr2new,rto1,MTN,ID,WSCC,USA
46,p16,nr11,nr2new,rto1,MTN,ID,WSCC,USA
47,p16,nr11,nr2new,rto1,MTN,ID,WSCC,USA
48,p25,nr11,nr2new,rto2,MTN,UT,WSCC,USA
49,p25,nr11,nr2new,rto2,MTN,UT,WSCC,USA
50,p26,nr11,nr2new,rto2,MTN,UT,WSCC,USA
51,p25,nr11,nr2new,rto2,MTN,UT,WSCC,USA
52,p25,nr11,nr2new,rto2,MTN,UT,WSCC,USA
53,p27,nr12,nr7new,rto3,MTN,AZ,WSCC,USA
54,p28,nr12,nr7new,rto3,MTN,AZ,WSCC,USA
55,p29,nr12,nr7new,rto3,MTN,AZ,WSCC,USA
56,p28,nr12,nr7new,rto3,MTN,AZ,WSCC,USA
57,p28,nr12,nr7new,rto3,MTN,AZ,WSCC,USA
58,p30,nr12,nr7new,rto3,MTN,AZ,WSCC,USA
59,p28,nr12,nr7new,rto3,MTN,AZ,WSCC,USA
60,p17,nr11,nr1new,rto1,MTN,MT,WSCC,USA
61,p17,nr11,nr1new,rto1,MTN,MT,WSCC,USA
62,p17,nr11,nr1new,rto1,MTN,MT,WSCC,USA
63,p17,nr11,nr1new,rto1,MTN,MT,WSCC,USA
64,p18,nr11,nr1new,rto2,MTN,MT,WSCC,USA
65,p18,nr11,nr1new,rto2,MTN,MT,WSCC,USA
66,p20,nr11,nr1new,rto2,MTN,MT,WSCC,USA
67,p18,nr11,nr1new,rto2,MTN,MT,WSCC,USA
68,p19,nr11,nr9new,rto2,MTN,MT,WSCC,USA
69,p20,nr11,nr1new,rto2,MTN,MT,WSCC,USA
70,p21,nr11,nr2new,rto2,MTN,WY,WSCC,USA
71,p21,nr11,nr2new,rto2,MTN,WY,WSCC,USA
72,p22,nr11,nr3new,rto2,MTN,WY,WSCC,USA
73,p23,nr11,nr3new,rto5,MTN,WY,WSCC,USA
74,p24,nr11,nr3new,rto5,MTN,WY,WSCC,USA
75,p33,nr12,nr3new,rto5,MTN,CO,WSCC,USA
76,p33,nr12,nr3new,rto5,MTN,CO,WSCC,USA
77,p34,nr12,nr3new,rto5,MTN,CO,WSCC,USA
78,p34,nr12,nr3new,rto5,MTN,CO,WSCC,USA
79,p33,nr12,nr3new,rto5,MTN,CO,WSCC,USA
80,p33,nr12,nr3new,rto5,MTN,CO,WSCC,USA
81,p33,nr12,nr3new,rto5,MTN,CO,WSCC,USA
82,p33,nr12,nr3new,rto5,MTN,CO,WSCC,USA
83,p34,nr12,nr3new,rto5,MTN,CO,WSCC,USA
84,p34,nr12,nr3new,rto5,MTN,CO,WSCC,USA
85,p33,nr12,nr3new,rto5,MTN,CO,WSCC,USA
86,p34,nr12,nr3new,rto5,MTN,CO,WSCC,USA
87,p34,nr12,nr3new,rto5,MTN,CO,WSCC,USA
88,p31,nr12,nr7new,rto3,MTN,NM,WSCC,USA
89,p31,nr12,nr7new,rto3,MTN,NM,WSCC,USA
90,p31,nr12,nr7new,rto3,MTN,NM,WSCC,USA
91,p31,nr12,nr7new,rto3,MTN,NM,WSCC,USA
92,p31,nr12,nr7new,rto3,MTN,NM,WSCC,USA
93,p31,nr12,nr7new,rto3,MTN,NM,WSCC,USA
94,p59,nr12,nr7new,rto3,MTN,TX,WSCC,USA
95,p32,nr11,nr3new,rto5,MTN,SD,WSCC,USA
96,p35,nr5,nr9new,rto11,WNC,MT,eastern,USA
97,p36,nr5,nr9new,rto11,WNC,ND,eastern,USA
98,p36,nr5,nr9new,rto11,WNC,ND,eastern,USA
99,p37,nr5,nr9new,rto11,WNC,ND,eastern,USA
100,p36,nr5,nr9new,rto11,WNC,ND,eastern,USA
101,p36,nr5,nr9new,rto11,WNC,ND,eastern,USA
102,p37,nr5,nr9new,rto11,WNC,ND,eastern,USA
103,p37,nr5,nr9new,rto11,WNC,ND,eastern,USA
104,p38,nr5,nr9new,rto11,WNC,SD,eastern,USA
105,p38,nr5,nr9new,rto11,WNC,SD,eastern,USA
106,p38,nr5,nr9new,rto11,WNC,SD,eastern,USA
107,p38,nr5,nr9new,rto11,WNC,SD,eastern,USA
108,p38,nr5,nr9new,rto11,WNC,SD,eastern,USA
109,p38,nr5,nr9new,rto11,WNC,SD,eastern,USA
110,p38,nr5,nr9new,rto11,WNC,SD,eastern,USA
111,p38,nr5,nr9new,rto11,WNC,SD,eastern,USA
112,p38,nr5,nr9new,rto11,WNC,SD,eastern,USA
113,p38,nr5,nr9new,rto11,WNC,SD,eastern,USA
114,p39,nr5,nr10new,rto8,WNC,NE,eastern,USA
115,p39,nr5,nr10new,rto8,WNC,NE,eastern,USA
116,p40,nr5,nr10new,rto8,WNC,NE,eastern,USA
117,p40,nr5,nr10new,rto8,WNC,NE,eastern,USA
118,p40,nr5,nr10new,rto8,WNC,NE,eastern,USA
119,p41,nr5,nr10new,rto8,WNC,NE,eastern,USA
120,p42,nr5,nr9new,rto11,WNC,MN,eastern,USA
121,p43,nr5,nr11new,rto11,WNC,MN,eastern,USA
122,p44,nr5,nr11new,rto11,WNC,MN,eastern,USA
123,p44,nr5,nr11new,rto11,WNC,MN,eastern,USA
124,p43,nr5,nr11new,rto11,WNC,MN,eastern,USA
125,p43,nr5,nr11new,rto11,WNC,MN,eastern,USA
126,p43,nr5,nr11new,rto11,WNC,MN,eastern,USA
127,p43,nr5,nr11new,rto11,WNC,MN,eastern,USA
128,p43,nr5,nr11new,rto11,WNC,MN,eastern,USA
129,p46,nr5,nr11new,rto11,ENC,WI,eastern,USA
130,p46,nr5,nr11new,rto11,ENC,WI,eastern,USA
131,p46,nr5,nr11new,rto11,ENC,WI,eastern,USA
132,p45,nr5,nr11new,rto6,WNC,IA,eastern,USA
133,p69,nr5,nr11new,rto6,WNC,IA,eastern,USA
134,p45,nr5,nr11new,rto6,WNC,IA,eastern,USA
135,p52,nr10,nr10new,rto8,WNC,KS,eastern,USA
136,p53,nr10,nr10new,rto8,WNC,KS,eastern,USA
137,p53,nr10,nr10new,rto8,WNC,KS,eastern,USA
138,p53,nr10,nr10new,rto8,WNC,KS,eastern,USA
139,p53,nr10,nr10new,rto8,WNC,KS,eastern,USA
140,p53,nr10,nr10new,rto8,WNC,KS,eastern,USA
141,p53,nr10,nr10new,rto8,WNC,KS,eastern,USA
142,p53,nr10,nr10new,rto8,WNC,KS,eastern,USA
143,p53,nr10,nr10new,rto8,WNC,KS,eastern,USA
144,p54,nr10,nr11new,rto8,WNC,MO,eastern,USA
145,p54,nr10,nr11new,rto8,WNC,MO,eastern,USA
146,p55,nr10,nr10new,rto8,WNC,MO,eastern,USA
147,p55,nr10,nr10new,rto8,WNC,MO,eastern,USA
148,p47,nr10,nr10new,rto8,WSC,NM,eastern,USA
149,p48,nr10,nr10new,rto8,WSC,TX,eastern,USA
150,p48,nr10,nr10new,rto8,WSC,TX,eastern,USA
151,p57,nr10,nr10new,rto8,WSC,TX,eastern,USA
152,p49,nr10,nr10new,rto8,WSC,OK,eastern,USA
153,p50,nr10,nr10new,rto8,WSC,OK,eastern,USA
154,p50,nr10,nr10new,rto8,WSC,OK,eastern,USA
155,p50,nr10,nr10new,rto8,WSC,OK,eastern,USA
156,p50,nr10,nr10new,rto8,WSC,OK,eastern,USA
157,p51,nr10,nr10new,rto8,WSC,OK,eastern,USA
158,p50,nr10,nr10new,rto8,WSC,OK,eastern,USA
159,p56,nr10,nr10new,rto8,WSC,AR,eastern,USA
160,p56,nr10,nr10new,rto8,WSC,AR,eastern,USA
161,p58,nr9,nr10new,rto13,WSC,LA,eastern,USA
162,p58,nr9,nr10new,rto13,WSC,LA,eastern,USA
163,p61,nr2,nr8new,rto10,WSC,TX,texas,USA
164,p62,nr2,nr8new,rto10,WSC,TX,texas,USA
165,p60,nr2,nr8new,rto10,WSC,TX,texas,USA
166,p61,nr2,nr8new,rto10,WSC,TX,texas,USA
167,p63,nr2,nr8new,rto10,WSC,TX,texas,USA
168,p63,nr2,nr8new,rto10,WSC,TX,texas,USA
169,p63,nr2,nr8new,rto10,WSC,TX,texas,USA
170,p63,nr2,nr8new,rto10,WSC,TX,texas,USA
171,p64,nr2,nr8new,rto10,WSC,TX,texas,USA
172,p65,nr2,nr8new,rto10,WSC,TX,texas,USA
173,p65,nr2,nr8new,rto10,WSC,TX,texas,USA
174,p65,nr2,nr8new,rto10,WSC,TX,texas,USA
175,p67,nr2,nr8new,rto10,WSC,TX,texas,USA
176,p68,nr5,nr11new,rto11,WNC,MN,eastern,USA
177,p69,nr5,nr11new,rto6,WNC,IA,eastern,USA
178,p70,nr5,nr11new,rto6,WNC,IA,eastern,USA
179,p70,nr5,nr11new,rto6,WNC,IA,eastern,USA
180,p70,nr5,nr11new,rto6,WNC,IA,eastern,USA
181,p70,nr5,nr11new,rto6,WNC,IA,eastern,USA
182,p70,nr5,nr11new,rto6,WNC,IA,eastern,USA
183,p70,nr5,nr11new,rto6,WNC,IA,eastern,USA
184,p71,nr4,nr11new,rto6,WNC,MO,eastern,USA
185,p72,nr4,nr11new,rto6,WNC,MO,eastern,USA
186,p73,nr4,nr11new,rto13,WNC,MO,eastern,USA
187,p84,nr9,nr11new,rto13,WNC,MO,eastern,USA
188,p84,nr9,nr11new,rto13,WNC,MO,eastern,USA
189,p72,nr4,nr11new,rto6,WNC,MO,eastern,USA
190,p72,nr4,nr11new,rto6,WNC,MO,eastern,USA
191,p74,nr4,nr11new,rto6,ENC,MI,eastern,USA
192,p75,nr4,nr11new,rto6,ENC,WI,eastern,USA
193,p76,nr4,nr11new,rto6,ENC,WI,eastern,USA
194,p77,nr4,nr11new,rto11,ENC,WI,eastern,USA
195,p78,nr4,nr11new,rto6,ENC,WI,eastern,USA
196,p76,nr4,nr11new,rto6,ENC,WI,eastern,USA
197,p75,nr4,nr11new,rto6,ENC,WI,eastern,USA
198,p79,nr4,nr11new,rto6,ENC,WI,eastern,USA
199,p80,nr4,nr17new,rto7,ENC,IL,eastern,USA
200,p81,nr4,nr11new,rto6,ENC,IL,eastern,USA
201,p81,nr4,nr11new,rto6,ENC,IL,eastern,USA
202,p81,nr4,nr11new,rto6,ENC,IL,eastern,USA
203,p82,nr4,nr11new,rto6,ENC,IL,eastern,USA
204,p81,nr4,nr11new,rto6,ENC,IL,eastern,USA
205,p81,nr4,nr11new,rto6,ENC,IL,eastern,USA
206,p80,nr4,nr17new,rto7,ENC,IL,eastern,USA
207,p80,nr4,nr17new,rto7,ENC,IL,eastern,USA
208,p83,nr4,nr11new,rto6,ENC,IL,eastern,USA
209,p83,nr4,nr11new,rto6,ENC,IL,eastern,USA
210,p83,nr4,nr11new,rto6,ENC,IL,eastern,USA
211,p103,nr1,nr11new,rto6,ENC,MI,eastern,USA
212,p103,nr1,nr11new,rto6,ENC,MI,eastern,USA
213,p104,nr1,nr17new,rto7,ENC,MI,eastern,USA
214,p103,nr1,nr11new,rto6,ENC,MI,eastern,USA
215,p103,nr1,nr11new,rto6,ENC,MI,eastern,USA
216,p103,nr1,nr11new,rto6,ENC,MI,eastern,USA
217,p103,nr1,nr11new,rto6,ENC,MI,eastern,USA
218,p103,nr1,nr11new,rto6,ENC,MI,eastern,USA
219,p105,nr1,nr11new,rto6,ENC,IN,eastern,USA
220,p105,nr1,nr11new,rto6,ENC,IN,eastern,USA
221,p105,nr1,nr11new,rto6,ENC,IN,eastern,USA
222,p105,nr1,nr11new,rto6,ENC,IN,eastern,USA
223,p106,nr1,nr11new,rto6,ENC,IN,eastern,USA
224,p107,nr1,nr11new,rto6,ENC,IN,eastern,USA
225,p105,nr1,nr11new,rto6,ENC,IN,eastern,USA
226,p105,nr1,nr11new,rto6,ENC,IN,eastern,USA
227,p111,nr1,nr17new,rto7,ENC,OH,eastern,USA
228,p112,nr1,nr17new,rto7,ENC,OH,eastern,USA
229,p112,nr1,nr17new,rto7,ENC,OH,eastern,USA
230,p113,nr1,nr17new,rto7,ENC,OH,eastern,USA
231,p114,nr1,nr11new,rto7,ENC,OH,eastern,USA
232,p112,nr1,nr17new,rto7,ENC,OH,eastern,USA
233,p112,nr1,nr17new,rto7,ENC,OH,eastern,USA
234,p111,nr1,nr17new,rto7,ENC,OH,eastern,USA
235,p112,nr1,nr17new,rto7,ENC,OH,eastern,USA
236,p108,nr1,nr16new,rto6,ESC,KY,eastern,USA
237,p109,nr1,nr16new,rto7,ESC,KY,eastern,USA
238,p109,nr1,nr16new,rto7,ESC,KY,eastern,USA
239,p109,nr1,nr16new,rto7,ESC,KY,eastern,USA
240,p109,nr1,nr16new,rto7,ESC,KY,eastern,USA
241,p109,nr1,nr16new,rto7,ESC,KY,eastern,USA
242,p110,nr1,nr17new,rto7,ESC,KY,eastern,USA
243,p118,nr1,nr17new,rto7,SA,VA,eastern,USA
244,p118,nr1,nr17new,rto7,SA,VA,eastern,USA
245,p118,nr1,nr17new,rto7,SA,VA,eastern,USA
246,p117,nr1,nr17new,rto7,SA,WV,eastern,USA
247,p117,nr1,nr17new,rto7,SA,WV,eastern,USA
248,p117,nr1,nr17new,rto7,SA,WV,eastern,USA
249,p116,nr1,nr17new,rto7,SA,WV,eastern,USA
250,p116,nr1,nr17new,rto7,SA,WV,eastern,USA
251,p115,nr1,nr17new,rto7,MA,PA,eastern,USA
252,p115,nr1,nr17new,rto7,MA,PA,eastern,USA
253,p121,nr1,nr17new,rto7,SA,MD,eastern,USA
254,p120,nr1,nr17new,rto7,MA,PA,eastern,USA
255,p119,nr1,nr17new,rto12,MA,PA,eastern,USA
256,p66,nr9,nr10new,rto13,WSC,TX,eastern,USA
257,p85,nr9,nr12new,rto13,WSC,AR,eastern,USA
258,p85,nr9,nr12new,rto13,WSC,AR,eastern,USA
259,p85,nr9,nr12new,rto13,WSC,AR,eastern,USA
260,p86,nr9,nr12new,rto13,WSC,LA,eastern,USA
261,p58,nr9,nr10new,rto13,WSC,LA,eastern,USA
262,p87,nr9,nr12new,rto13,ESC,MS,eastern,USA
263,p88,nr9,nr12new,rto14,ESC,MS,eastern,USA
264,p87,nr9,nr12new,rto13,ESC,MS,eastern,USA
265,p89,nr9,nr13new,rto14,ESC,AL,eastern,USA
266,p89,nr9,nr13new,rto14,ESC,AL,eastern,USA
267,p90,nr9,nr13new,rto9,ESC,AL,eastern,USA
268,p90,nr9,nr13new,rto9,ESC,AL,eastern,USA
269,p91,nr9,nr13new,rto9,SA,FL,eastern,USA
270,p91,nr9,nr13new,rto9,SA,FL,eastern,USA
271,p91,nr9,nr13new,rto9,SA,FL,eastern,USA
272,p94,nr9,nr13new,rto9,SA,GA,eastern,USA
273,p94,nr9,nr13new,rto9,SA,GA,eastern,USA
274,p94,nr9,nr13new,rto9,SA,GA,eastern,USA
275,p94,nr9,nr13new,rto9,SA,GA,eastern,USA
276,p92,nr9,nr16new,rto14,ESC,TN,eastern,USA
277,p92,nr9,nr16new,rto14,ESC,TN,eastern,USA
278,p92,nr9,nr16new,rto14,ESC,TN,eastern,USA
279,p92,nr9,nr16new,rto14,ESC,TN,eastern,USA
280,p92,nr9,nr16new,rto14,ESC,TN,eastern,USA
281,p92,nr9,nr16new,rto14,ESC,TN,eastern,USA
282,p92,nr9,nr16new,rto14,ESC,TN,eastern,USA
283,p92,nr9,nr16new,rto14,ESC,TN,eastern,USA
284,p92,nr9,nr16new,rto14,ESC,TN,eastern,USA
285,p92,nr9,nr16new,rto14,ESC,TN,eastern,USA
286,p93,nr9,nr16new,rto14,ESC,KY,eastern,USA
287,p93,nr9,nr16new,rto14,ESC,KY,eastern,USA
288,p97,nr9,nr15new,rto15,SA,NC,eastern,USA
289,p97,nr9,nr15new,rto15,SA,NC,eastern,USA
290,p97,nr9,nr15new,rto15,SA,NC,eastern,USA
291,p98,nr9,nr15new,rto15,SA,NC,eastern,USA
292,p98,nr9,nr15new,rto15,SA,NC,eastern,USA
293,p98,nr9,nr15new,rto15,SA,NC,eastern,USA
294,p98,nr9,nr15new,rto15,SA,NC,eastern,USA
295,p95,nr9,nr15new,rto15,SA,SC,eastern,USA
296,p96,nr9,nr15new,rto15,SA,SC,eastern,USA
297,p96,nr9,nr15new,rto15,SA,SC,eastern,USA
298,p96,nr9,nr15new,rto15,SA,SC,eastern,USA
299,p96,nr9,nr15new,rto15,SA,SC,eastern,USA
300,p99,nr9,nr17new,rto7,SA,VA,eastern,USA
301,p100,nr9,nr17new,rto7,SA,VA,eastern,USA
302,p99,nr9,nr17new,rto7,SA,VA,eastern,USA
303,p99,nr9,nr17new,rto7,SA,VA,eastern,USA
304,p99,nr9,nr17new,rto7,SA,VA,eastern,USA
305,p99,nr9,nr17new,rto7,SA,VA,eastern,USA
306,p99,nr9,nr17new,rto7,SA,VA,eastern,USA
307,p99,nr9,nr17new,rto7,SA,VA,eastern,USA
308,p116,nr1,nr17new,rto7,SA,WV,eastern,USA
309,p101,nr8,nr14new,rto16,SA,FL,eastern,USA
310,p101,nr8,nr14new,rto16,SA,FL,eastern,USA
311,p101,nr8,nr14new,rto16,SA,FL,eastern,USA
312,p101,nr8,nr14new,rto16,SA,FL,eastern,USA
313,p102,nr8,nr14new,rto16,SA,FL,eastern,USA
314,p124,nr3,nr17new,rto12,SA,VA,eastern,USA
315,p123,nr3,nr17new,rto12,SA,MD,eastern,USA
316,p123,nr3,nr17new,rto12,SA,MD,eastern,USA
317,p123,nr3,nr17new,rto12,SA,MD,eastern,USA
318,p125,nr3,nr17new,rto12,SA,DE,eastern,USA
319,p125,nr3,nr17new,rto12,SA,DE,eastern,USA
320,p122,nr3,nr17new,rto12,MA,PA,eastern,USA
321,p122,nr3,nr17new,rto12,MA,PA,eastern,USA
322,p122,nr3,nr17new,rto12,MA,PA,eastern,USA
323,p122,nr3,nr17new,rto12,MA,PA,eastern,USA
324,p122,nr3,nr17new,rto12,MA,PA,eastern,USA
325,p122,nr3,nr17new,rto12,MA,PA,eastern,USA
326,p122,nr3,nr17new,rto12,MA,PA,eastern,USA
327,p122,nr3,nr17new,rto12,MA,PA,eastern,USA
328,p126,nr3,nr17new,rto12,MA,NJ,eastern,USA
329,p126,nr3,nr17new,rto12,MA,NJ,eastern,USA
330,p126,nr3,nr17new,rto12,MA,NJ,eastern,USA
331,p126,nr3,nr17new,rto12,MA,NJ,eastern,USA
332,p126,nr3,nr17new,rto12,MA,NJ,eastern,USA
333,p127,nr6,nr18new,rto17,MA,NY,eastern,USA
334,p127,nr6,nr18new,rto17,MA,NY,eastern,USA
335,p127,nr6,nr18new,rto17,MA,NY,eastern,USA
336,p127,nr6,nr18new,rto17,MA,NY,eastern,USA
337,p127,nr6,nr18new,rto17,MA,NY,eastern,USA
338,p127,nr6,nr18new,rto17,MA,NY,eastern,USA
339,p127,nr6,nr18new,rto17,MA,NY,eastern,USA
340,p127,nr6,nr18new,rto17,MA,NY,eastern,USA
341,p127,nr6,nr18new,rto17,MA,NY,eastern,USA
342,p128,nr6,nr18new,rto17,MA,NY,eastern,USA
343,p132,nr7,nr19new,rto18,NE,CT,eastern,USA
344,p132,nr7,nr19new,rto18,NE,CT,eastern,USA
345,p133,nr7,nr19new,rto18,NE,RI,eastern,USA
346,p133,nr7,nr19new,rto18,NE,RI,eastern,USA
347,p131,nr7,nr19new,rto18,NE,MA,eastern,USA
348,p131,nr7,nr19new,rto18,NE,MA,eastern,USA
349,p131,nr7,nr19new,rto18,NE,MA,eastern,USA
350,p129,nr7,nr19new,rto18,NE,VT,eastern,USA
351,p129,nr7,nr19new,rto18,NE,VT,eastern,USA
352,p129,nr7,nr19new,rto18,NE,VT,eastern,USA
353,p130,nr7,nr19new,rto18,NE,NH,eastern,USA
354,p130,nr7,nr19new,rto18,NE,NH,eastern,USA
355,p134,nr7,nr19new,rto18,NE,ME,eastern,USA
356,p134,nr7,nr19new,rto18,NE,ME,eastern,USA
357,p135,nr13,nr6new,rto4,MTN,MEX,wscc,MEX
358,p136,nr2,nr6new,rto10,WSC,MEX,texas,MEX
359,p137,nr11,nr20new,rto33,PA,BC,WSCC,CAN
360,p137,nr11,nr20new,rto33,PA,BC,WSCC,CAN
361,p137,nr11,nr20new,rto33,PA,BC,WSCC,CAN
362,p138,nr11,nr20new,rto33,PA,BC,WSCC,CAN
363,p139,nr11,nr20new,rto33,PA,BC,WSCC,CAN
364,p139,nr11,nr20new,rto33,PA,BC,WSCC,CAN
365,p139,nr11,nr20new,rto33,PA,BC,WSCC,CAN
366,p139,nr11,nr20new,rto33,PA,BC,WSCC,CAN
367,p140,nr11,nr21new,rto34,MTN,AB,WSCC,CAN
368,p141,nr11,nr21new,rto34,MTN,AB,WSCC,CAN
369,p142,nr5,nr22new,rto35,WNC,SK,eastern,CAN
370,p143,nr5,nr23new,rto36,WNC,MB,eastern,CAN
371,p144,nr6,nr24new,rto37,MA,ON,eastern,CAN
372,p145,nr6,nr24new,rto37,MA,ON,eastern,CAN
373,p146,nr6,nr24new,rto37,MA,ON,eastern,CAN
374,p147,nr6,nr24new,rto37,MA,ON,eastern,CAN
375,p148,nr14,nr25new,rto38,NE,QC,quebec,CAN
376,p149,nr14,nr25new,rto38,NE,QC,quebec,CAN
377,p150,nr14,nr25new,rto38,NE,QC,quebec,CAN
378,p151,nr14,nr25new,rto38,NE,QC,quebec,CAN
379,p151,nr14,nr25new,rto38,NE,QC,quebec,CAN
380,p151,nr14,nr25new,rto38,NE,QC,quebec,CAN
381,p151,nr14,nr25new,rto38,NE,QC,quebec,CAN
382,p151,nr14,nr25new,rto38,NE,QC,quebec,CAN
383,p151,nr14,nr25new,rto38,NE,QC,quebec,CAN
384,p151,nr14,nr25new,rto38,NE,QC,quebec,CAN
385,p151,nr14,nr25new,rto38,NE,QC,quebec,CAN
386,p151,nr14,nr25new,rto38,NE,QC,quebec,CAN
387,p151,nr14,nr25new,rto38,NE,QC,quebec,CAN
388,p151,nr14,nr25new,rto38,NE,QC,quebec,CAN
389,p151,nr14,nr25new,rto38,NE,QC,quebec,CAN
390,p151,nr14,nr25new,rto38,NE,QC,quebec,CAN
391,p151,nr14,nr25new,rto38,NE,QC,quebec,CAN
392,p151,nr14,nr25new,rto38,NE,QC,quebec,CAN
393,p151,nr14,nr25new,rto38,NE,QC,quebec,CAN
394,p151,nr14,nr25new,rto38,NE,QC,quebec,CAN
395,p151,nr14,nr25new,rto38,NE,QC,quebec,CAN
396,p151,nr14,nr25new,rto38,NE,QC,quebec,CAN
397,p151,nr14,nr25new,rto38,NE,QC,quebec,CAN
398,p151,nr14,nr25new,rto38,NE,QC,quebec,CAN
399,p151,nr14,nr25new,rto38,NE,QC,quebec,CAN
400,p151,nr14,nr25new,rto38,NE,QC,quebec,CAN
401,p152,nr7,nr26new,rto39,NE,NB,eastern,CAN
402,p153,nr7,nr26new,rto39,NE,NS,eastern,CAN
403,p154,nr14,nr24new,rto38,NE,NL,quebec,CAN
404,p155,nr14,nr24new,rto38,NE,NFI,quebec,CAN
405,p156,nr7,nr26new,rto39,NE,PEI,eastern,CAN
406,p157,nr15,nr27new,rto40,MEX,SIN_SON,mexico,MEX
407,p158,nr15,nr27new,rto40,MEX,SIN_SON,mexico,MEX
408,p159,nr15,nr27new,rto40,MEX,SIN_SON,mexico,MEX
409,p160,nr15,nr27new,rto40,MEX,SIN_SON,mexico,MEX
410,p161,nr15,nr27new,rto40,MEX,SIN_SON,mexico,MEX
411,p162,nr15,nr27new,rto40,MEX,SIN_SON,mexico,MEX
412,p163,nr15,nr27new,rto40,MEX,CHH,mexico,MEX
413,p164,nr15,nr27new,rto40,MEX,CHH,mexico,MEX
414,p165,nr15,nr27new,rto40,MEX,CHH,mexico,MEX
415,p166,nr15,nr27new,rto40,MEX,COA_DGO_NLE,mexico,MEX
416,p167,nr15,nr27new,rto40,MEX,COA_DGO_NLE,mexico,MEX
417,p168,nr15,nr27new,rto40,MEX,COA_DGO_NLE,mexico,MEX
418,p169,nr15,nr27new,rto40,MEX,DIF_HID_MEX_MOR_OAX_PUE_TAM_TLA_VER,mexico,MEX
419,p170,nr15,nr27new,rto40,MEX,DIF_HID_MEX_MOR_OAX_PUE_TAM_TLA_VER,mexico,MEX
420,p171,nr15,nr27new,rto40,MEX,DIF_HID_MEX_MOR_OAX_PUE_TAM_TLA_VER,mexico,MEX
421,p172,nr15,nr27new,rto40,MEX,COA_DGO_NLE,mexico,MEX
422,p173,nr15,nr27new,rto40,MEX,COA_DGO_NLE,mexico,MEX
423,p174,nr15,nr27new,rto40,MEX,SLP,mexico,MEX
424,p175,nr15,nr27new,rto40,MEX,DIF_HID_MEX_MOR_OAX_PUE_TAM_TLA_VER,mexico,MEX
425,p176,nr15,nr27new,rto40,MEX,SLP,mexico,MEX
426,p177,nr15,nr27new,rto40,MEX,DIF_HID_MEX_MOR_OAX_PUE_TAM_TLA_VER,mexico,MEX
427,p178,nr15,nr27new,rto40,MEX,AGU_GUA_JAL_NAY_QUE_ZAC,mexico,MEX
428,p179,nr15,nr27new,rto40,MEX,AGU_GUA_JAL_NAY_QUE_ZAC,mexico,MEX
429,p180,nr15,nr27new,rto40,MEX,AGU_GUA_JAL_NAY_QUE_ZAC,mexico,MEX
430,p181,nr15,nr27new,rto40,MEX,SLP,mexico,MEX
431,p182,nr15,nr27new,rto40,MEX,AGU_GUA_JAL_NAY_QUE_ZAC,mexico,MEX
432,p183,nr15,nr27new,rto40,MEX,COL,mexico,MEX
433,p184,nr15,nr27new,rto40,MEX,GRO_MIC,mexico,MEX
434,p185,nr15,nr27new,rto40,MEX,GRO_MIC,mexico,MEX
435,p186,nr15,nr27new,rto40,MEX,AGU_GUA_JAL_NAY_QUE_ZAC,mexico,MEX
436,p187,nr15,nr27new,rto40,MEX,DIF_HID_MEX_MOR_OAX_PUE_TAM_TLA_VER,mexico,MEX
437,p188,nr15,nr27new,rto40,MEX,DIF_HID_MEX_MOR_OAX_PUE_TAM_TLA_VER,mexico,MEX
438,p189,nr15,nr27new,rto40,MEX,DIF_HID_MEX_MOR_OAX_PUE_TAM_TLA_VER,mexico,MEX
439,p190,nr15,nr27new,rto40,MEX,DIF_HID_MEX_MOR_OAX_PUE_TAM_TLA_VER,mexico,MEX
440,p191,nr15,nr27new,rto40,MEX,GRO_MIC,mexico,MEX
441,p192,nr15,nr27new,rto40,MEX,DIF_HID_MEX_MOR_OAX_PUE_TAM_TLA_VER,mexico,MEX
442,p193,nr15,nr27new,rto40,MEX,DIF_HID_MEX_MOR_OAX_PUE_TAM_TLA_VER,mexico,MEX
443,p194,nr15,nr27new,rto40,MEX,CAM_CHP_TAB,mexico,MEX
444,p195,nr15,nr27new,rto40,MEX,CAM_CHP_TAB,mexico,MEX
445,p196,nr15,nr27new,rto40,MEX,DIF_HID_MEX_MOR_OAX_PUE_TAM_TLA_VER,mexico,MEX
446,p197,nr15,nr27new,rto40,MEX,CAM_CHP_TAB,mexico,MEX
447,p198,nr15,nr27new,rto40,MEX,YUC,mexico,MEX
448,p199,nr15,nr27new,rto40,MEX,ROO,mexico,MEX
449,p200,nr15,nr27new,rto40,MEX,ROO,mexico,MEX
450,p201,nr15,nr27new,rto41,MEX,BCN,mexico,MEX
451,p202,nr15,nr27new,rto41,MEX,BCN,mexico,MEX
452,p203,nr15,nr27new,rto41,MEX,BCN,mexico,MEX
453,p204,nr15,nr27new,rto41,MEX,BCN,mexico,MEX
454,p205,nr15,nr27new,rto41,MEX,BCS,mexico,MEX
